{
  "composition": {
    "min_region_size": 10000,
    "terrace_levels": 13,
    "void_chance": 0.30000001192092896
  },
  "elevation": {
    "frequency": 0.003000000026077032,
    "gain": 0.5,
    "lacunarity": 2.0,
    "octaves": 3,
    "scurve_bias": 0.6499999761581421,
    "seed": 1337
  },
  "terrain": {
    "current_palette": 0,
    "iso_offset_x_adjust": 0.0,
    "iso_offset_y_adjust": 0.0,
    "iso_padding": 50.0,
    "map_scale": 1.0,
    "use_isometric": true
  },
  "worley": {
    "frequency": 0.007000000216066837,
    "jitter": 1.7309999465942383,
    "seed": 4057,
    "warp_amp": 40.0,
    "warp_frequency": 0.003000000026077032,
    "warp_octaves": 3
  }
}